"id_estac","Fecha_ini_CHIRPS","Fecha_fin_CHIRPS","Fecha_ini_SMN","Fecha_fin_SMN","NA_CHIRPS","NA_SMN","RMSE","BIAS","PBIAS","Pearson","Willmott","Pct_NA"
"21020",1981-01-01,2021-12-01,1969-08-01,1984-12-01,0,0,27.6810238558866,11.3525745531915,Inf,0.848752986712046,0.905811286407256,70.859872611465
"21023",1981-01-01,2021-12-01,1943-01-01,2025-01-01,0,56,31.5871326600353,2.76216987272727,NA,0.823460856036212,0.901481494788697,18.873826903024
"21025",1981-01-01,2021-12-01,1964-04-01,1997-05-01,0,2,39.4772519005066,-4.77509728723404,23.157141010348,0.936849200092915,0.963495818394957,44.1860465116279
"21026",1981-01-01,2021-12-01,1941-02-01,2025-03-01,0,2,41.0275816761541,-4.14343721205882,NA,0.782876454522776,0.875618034409162,15.9209157127992
"21027",1981-01-01,2021-12-01,1969-01-01,1988-09-01,0,1,20.4569805220503,-0.453624413793103,NA,0.919248019293901,0.952869362921466,63.6792452830189
"21031",1981-01-01,2021-12-01,1969-08-01,2025-02-01,0,0,31.0797770349988,14.1887250814332,NA,0.809779361785347,0.872858229945331,27.736131934033
"21033",1981-01-01,2021-12-01,1951-01-01,1994-10-01,0,1,45.643560409558,11.2864796948052,NA,0.801232055389231,0.875043687155936,41.8518518518518
"21038",1981-01-01,2021-12-01,1967-01-01,2025-02-01,0,1,35.5931709702467,21.8097377111717,NA,0.856171771883892,0.870129136529535,17.9083094555874
"21039",1981-01-01,2021-12-01,1969-08-01,1984-12-01,0,0,22.1819857250686,5.0232292173913,Inf,0.936512283674678,0.964894496753008,71.36
"21040",1981-01-01,2021-12-01,1961-02-01,2025-02-01,0,2,30.4882615585657,17.5211221872247,NA,0.835808696113352,0.87265095891367,4.96083550913838
"21052",1981-01-01,2021-12-01,1965-06-01,2025-03-01,0,4,26.3240716569653,13.8905871666667,NA,0.84157521140041,0.883189551561159,4.46304044630405
"21053",1981-01-01,2021-12-01,1955-03-01,2024-12-01,0,4,63.326525374184,20.0294356097561,Inf,0.761186396128198,0.854567024232017,9.79689366786141
"21056",1981-01-01,2021-12-01,1964-04-01,2000-07-01,0,1,73.6386751688609,24.9589083179724,Inf,0.675954637747038,0.78985244269116,40.1459854014599
"21060",1981-01-01,2021-12-01,1969-08-01,2025-02-01,0,1,54.264627794284,32.6457647392345,NA,0.729113972638986,0.722106314688366,11.2612612612613
"21067",1981-01-01,2021-12-01,1964-03-01,2025-03-01,0,2,53.9916899477614,-1.47357556756757,54.6074201349089,0.91253481844619,0.946706711037527,17.1034482758621
"21072",1981-01-01,2021-12-01,1967-01-01,2025-02-01,0,2,39.7673037397332,-0.136502266990291,NA,0.797553089549549,0.880858615464837,11.5273775216138
"21073",1981-01-01,2021-12-01,1966-03-01,2025-02-01,0,0,37.0730666694889,-9.68052189066059,NA,0.864716334879404,0.912723984379226,7.68115942028986
"21077",1981-01-01,2021-12-01,1961-01-01,2025-02-01,0,0,27.3700432464707,9.86576292140921,Inf,0.856815685826688,0.911989121074306,15.9947984395319
"21079",1981-01-01,2021-12-01,1969-08-01,2024-06-01,0,7,55.4094616928048,2.09295483965015,NA,0.678542944419656,0.782316500931163,22.6443768996961
"21080",1981-01-01,2021-12-01,1966-03-01,2025-02-01,0,5,130.154466076765,-0.0351720066371689,Inf,0.428130858353613,0.489193110991289,5.80736543909349
"21081",1981-01-01,2021-12-01,1966-02-01,2025-02-01,0,2,29.2291726725421,10.0077164353183,NA,0.87808609582919,0.927720017024894,0.707213578500713
"21082",1981-01-01,2021-12-01,1943-12-01,2025-03-01,0,4,33.5453894309723,8.3097276836983,NA,0.827927956948196,0.903015059329852,8.49740932642487
"21093",1981-01-01,2021-12-01,1943-12-01,1994-05-01,0,1,22.9586527097201,3.55311910852713,NA,0.887840016085763,0.939922847224978,39.3513513513514
"21095",1981-01-01,2021-12-01,1936-02-01,1987-03-01,0,8,57.7544443050866,39.54941978,Inf,0.00822086169135299,0.11235348451901,46.2254395036194
"21100",1981-01-01,2021-12-01,1967-01-01,2025-02-01,0,3,40.4502856029214,19.4063813061798,NA,0.822719241100246,0.868171980234075,19.6275071633238
"21105",1981-01-01,2021-12-01,1945-08-01,1990-01-01,0,5,31.7829471055009,11.9882885529412,Inf,0.741403693648466,0.840575769357303,52.234993614304
"21117",1981-01-01,2021-12-01,1969-01-01,2025-01-01,0,0,30.8677311474331,17.4294303461538,NA,0.85337570503087,0.887900646800505,7.47384155455904
"21119",1981-01-01,2021-12-01,1932-01-01,2025-03-01,0,8,53.35148132107,28.9105596522678,Inf,0.79861019366083,0.819923283022813,4.52127659574468
"21145",1981-01-01,2021-12-01,1958-01-01,1988-08-01,0,0,34.791944280625,20.8055687934783,Inf,0.820631141958072,0.848996671833048,71.8132854578097
"21154",1981-01-01,2021-12-01,1978-12-01,2024-11-01,0,1,39.5059085180297,17.4334687982955,NA,0.750245619690747,0.832174549029181,26.0147601476015
"21157",1981-01-01,2021-12-01,1978-12-01,1990-09-01,0,0,29.7557975377827,11.4846368305085,Inf,0.880180980607511,0.926173094361872,83.752417794971
"21158",1981-01-01,2021-12-01,1978-12-01,2025-03-01,0,7,75.6498606302303,19.2385689685039,Inf,0.772711396170218,0.857863763997325,67.5229357798165
"21159",1981-01-01,2021-12-01,1978-12-01,1999-12-01,0,1,28.5453237438206,12.7812429591837,NA,0.84812651503552,0.901643712140207,76.2088974854932
"21161",1981-01-01,2021-12-01,1978-12-01,1990-12-01,0,0,32.5340584410025,1.78566058461539,Inf,0.857958351373844,0.904922877604673,82.5918762088975
"21170",1981-01-01,2021-12-01,1979-11-01,1993-03-01,0,2,34.3859446536422,9.58997101190476,NA,0.814034961521327,0.887534687817861,80.6324110671937
"21171",1981-01-01,2021-12-01,1979-10-01,1993-11-01,0,1,64.8938806348499,-3.18513797727273,NA,0.679718676135559,0.764414631400006,79.8418972332016
"21173",1981-01-01,2021-12-01,1979-12-01,1995-04-01,0,3,24.2865037940012,5.13269974380165,NA,0.879260258008655,0.933822710464934,73.4653465346535
"21182",1981-01-01,2021-12-01,1979-04-01,1984-12-01,0,0,26.1320850812151,9.34897956521739,Inf,0.901946952498599,0.940580956688031,86.9395711500975
"21184",1981-01-01,2021-12-01,1979-09-01,1988-07-01,0,0,29.4174986202267,-0.231028278688525,Inf,0.825016289459791,0.903090882099303,86.5461847389558
"21200",1981-01-01,2021-12-01,1980-02-01,1994-03-01,0,0,29.897871787925,9.39344709375,Inf,0.830191309527049,0.900383564185576,86.6396761133603
"21221",1981-01-01,2021-12-01,2007-01-01,2025-02-01,0,2,36.9385197904688,9.66477554545455,Inf,0.842514488761417,0.908997990170042,59.622641509434
"21226",1981-01-01,2021-12-01,1959-08-01,1964-12-01,0,0,NA,NA,NA,NA,NA,88.4892086330935
"21244",1981-01-01,2021-12-01,1944-01-01,2025-03-01,0,2,26.9154495413277,9.84981993971631,NA,0.848848763573358,0.905788015988191,27.367055771725
"29007",1981-01-01,2021-12-01,1966-03-01,2025-04-01,0,18,25.6941998876246,10.0438913085586,NA,0.864779382676919,0.916944713771898,8.80681818181819
"30004",1981-01-01,2021-12-01,1954-01-01,1980-04-01,0,0,NA,NA,NA,NA,NA,66.5764546684709
"30010",1981-01-01,2021-12-01,1963-11-01,1979-05-01,0,0,NA,NA,NA,NA,NA,72.6735598227474
"30015",1981-01-01,2021-12-01,1964-04-01,1989-12-01,0,0,51.7887459969476,18.5742,Inf,0.917379817174572,0.947994401482215,55.9248554913295
"30017",1981-01-01,2021-12-01,1954-01-01,1980-06-01,0,0,NA,NA,NA,NA,NA,61.7314930991217
"30026",1981-01-01,2021-12-01,1961-01-01,2025-02-01,0,6,60.4815694827963,-0.0339240468227433,10.8353624111004,0.895425285203514,0.944615287227802,25.7894736842105
"30030",1981-01-01,2021-12-01,1951-01-01,1970-12-01,0,0,NA,NA,NA,NA,NA,67.3050615595075
"30032",1981-01-01,2021-12-01,1947-06-01,2008-03-01,0,4,56.2987020007558,-14.1263673015873,6.82840946768126,0.934955793697786,0.963245050800362,20.2687569988802
"30036",1981-01-01,2021-12-01,1948-10-01,1983-02-01,0,1,70.8212236575156,-6.87174923076922,35.4881226015185,0.946034891022371,0.9719844465775,53.2497149372862
"30042",1981-01-01,2021-12-01,1956-06-01,1985-08-01,0,0,85.6232089740542,-14.1644369565217,Inf,0.865308385305128,0.912788504495703,56.7430025445293
"30052",1981-01-01,2021-12-01,1964-04-01,1997-05-01,0,1,84.644770625026,-42.7053778804348,-0.670815537808004,0.94307949427045,0.915911488297423,45.4277286135693
"30053",1981-01-01,2021-12-01,1961-01-01,1991-05-01,0,3,77.5454192786886,-27.5380055652174,81.9305748207276,0.95138866882918,0.969239144228951,51.775956284153
"30061",1981-01-01,2021-12-01,1961-01-01,1989-12-01,0,0,75.1416375315725,-24.8847285714286,6.71328744355103,0.915752786720973,0.940067668053722,55.7377049180328
"30066",1981-01-01,2021-12-01,1907-07-01,2001-12-01,0,6,68.1635235993939,-15.3194355555556,Inf,0.911758830512642,0.942551036200192,20.9016393442623
"30072",1981-01-01,2021-12-01,1945-07-01,2012-12-01,0,6,52.4945828216438,4.75960125,25.7606783267054,0.935077676672977,0.966181333953706,13.4593993325918
"30075",1981-01-01,2021-12-01,1951-01-01,2024-12-01,0,34,134.679811884256,89.6978538028169,Inf,0.497070207577606,0.516553704247174,17.4968071519796
"30085",1981-01-01,2021-12-01,1964-11-01,1997-05-01,0,1,61.2214958134041,-19.085060825641,Inf,0.876325232252,0.900774414500457,43.2944606413994
"30087",1981-01-01,2021-12-01,1953-07-01,2012-12-01,0,5,57.1251310341827,5.36577591397849,22.1173530966642,0.846517049557845,0.915162239152326,37.4847374847375
"30100",1981-01-01,2021-12-01,1969-08-01,2001-11-01,0,1,42.4404335669526,13.7673896483516,Inf,0.821240157356793,0.894339130990688,49.5207667731629
"30115",1981-01-01,2021-12-01,1958-07-01,2011-03-01,0,0,91.0428605396809,-38.7772704249292,-2.46856879667025,0.93116184515696,0.931724538774317,18.241469816273
"30119",1981-01-01,2021-12-01,1952-01-01,1980-05-01,0,1,NA,NA,NA,NA,NA,61.166253101737
"30120",1981-01-01,2021-12-01,1951-01-01,2024-12-01,0,1,170.206792305071,102.108049763033,Inf,0.492099451261537,0.544951953043793,35.9235668789809
"30140",1981-01-01,2021-12-01,1969-01-01,2025-02-01,0,0,43.1341922104512,9.76806163211382,Inf,0.907934679624217,0.949162902723265,0
"30151",1981-01-01,2021-12-01,1952-02-01,1987-12-01,0,3,75.4862993778207,-18.9370914473684,38.3859164352117,0.951722906140158,0.954291214446294,51.2224938875306
"30155",1981-01-01,2021-12-01,1970-06-01,1990-12-01,0,0,61.5626264408079,-4.4359704587156,28.572900336073,0.945779177161556,0.968610245329272,61.8739903069467
"30156",1981-01-01,2021-12-01,1963-07-01,1973-04-01,0,1,NA,NA,NA,NA,NA,81.0855263157895
"30164",1981-01-01,2021-12-01,1961-01-01,1976-04-01,0,1,NA,NA,NA,NA,NA,73.2540861812779
"30175",1981-01-01,2021-12-01,1965-10-01,2025-02-01,0,3,88.8546346142803,-39.5654695875,Inf,0.885410964136084,0.862989376987741,1.70697012802276
"30177",1981-01-01,2021-12-01,1964-04-01,2005-05-01,0,1,57.3915525168602,1.28405135338346,Inf,0.911396606605856,0.952015557863704,32.8966521106259
"30178",1981-01-01,2021-12-01,1966-03-01,2024-12-01,0,4,30.2408600260949,6.12368167790262,NA,0.824594715794486,0.897337313879675,32.1529745042493
"30179",1981-01-01,2021-12-01,1944-08-01,2024-12-01,0,8,60.9070284343522,-18.2500533726415,8.29034313096444,0.921097961788489,0.951913448872509,7.68431983385254
"30181",1981-01-01,2021-12-01,1965-06-01,1986-12-01,0,0,84.9348113278678,-27.8723837681159,6.19346046151839,0.834541087177886,0.887688537257251,63.134328358209
"30186",1981-01-01,2021-12-01,1966-09-01,1986-12-01,0,1,20.6266001823434,3.15716701449275,NA,0.883821479265766,0.93213793505563,63.9517345399698
"30187",1981-01-01,2021-12-01,1959-06-01,2025-02-01,0,7,75.4071535138541,-29.2217382352941,Inf,0.917814572595983,0.932656311088302,5.03978779840848
"30195",1981-01-01,2021-12-01,1964-04-01,2009-08-01,0,0,51.245354717278,26.9231366521739,Inf,0.883789138542628,0.918628101600067,24.745269286754
"30198",1981-01-01,2021-12-01,1965-07-01,2024-12-01,0,0,25.6457505709303,13.8112653728448,NA,0.844232334926665,0.888246973162391,3.954802259887
"30200",1981-01-01,2021-12-01,1954-02-01,1984-12-01,0,1,144.784039165022,-47.0304191489362,4.77658659150626,0.735903080965582,0.843455693592194,55.0617283950617
"30206",1981-01-01,2021-12-01,1961-06-01,1985-12-01,0,0,66.5427763857057,33.4761239655172,65.0407536268345,0.932929530008692,0.950221374997729,60.5299860529986
"30209",1981-01-01,2021-12-01,1964-04-01,2009-09-01,0,0,170.170894895761,-100.137546782609,Inf,0.873368585919716,0.777724983051709,38.1924198250729
"30210",1981-01-01,2021-12-01,2019-08-01,2025-01-01,0,5,69.2939108718587,5.71726666666667,20.4041207697956,0.861489205953381,0.925439779388999,90.9090909090909
"30212",1981-01-01,2021-12-01,1947-12-01,1994-10-01,0,0,31.9449016931108,13.9456315375,Inf,0.906525147360771,0.940716630692426,39.1048292108363
"30227",1981-01-01,2021-12-01,1926-07-01,1965-05-01,0,6,NA,NA,NA,NA,NA,60.5839416058394
"30228",1981-01-01,2021-12-01,1952-10-01,1981-07-01,0,1,83.6341633368632,18.1874383333333,2.10022734994627,0.979044278983269,0.938902587852463,59.4132029339853
"30238",1981-01-01,2021-12-01,2019-04-01,2025-01-01,0,3,52.749608375627,30.27614125,56.4464288284766,0.943494976473456,0.945648612657986,87.6660341555977
"30241",1981-01-01,2021-12-01,1972-12-01,1990-03-01,0,1,36.9942453609415,12.3168728363636,Inf,0.936708870947564,0.963351968557166,64.9659863945578
"30259",1981-01-01,2021-12-01,1973-08-01,1977-08-01,0,1,NA,NA,NA,NA,NA,91.1275415896488
"30274",1981-01-01,2021-12-01,1975-09-01,1980-05-01,0,0,NA,NA,NA,NA,NA,89.6174863387978
"30296",1981-01-01,2021-12-01,1975-03-01,1990-12-01,0,0,84.7928685235766,-16.2527629069767,Inf,0.89642301781462,0.936459599067728,72.3707664884136
"30299",1981-01-01,2021-12-01,1975-07-01,1984-12-01,0,2,35.4691623643914,-1.07679487234043,Inf,0.836189890230652,0.906383055305145,80.2513464991023
"30311",1981-01-01,2021-12-01,1976-04-01,2025-02-01,0,17,87.7515315876657,-26.1548187586207,Inf,0.869706643922693,0.914841181739379,9.71039182282794
"30316",1981-01-01,2021-12-01,1977-12-01,1980-05-01,0,0,NA,NA,NA,NA,NA,94.2528735632184
"30330",1981-01-01,2021-12-01,1978-09-01,1984-08-01,0,0,102.351176534554,-42.55165175,4.97900184517751,0.93947124583268,0.933696353638516,86.9230769230769
"30336",1981-01-01,2021-12-01,1980-01-01,2011-03-01,0,0,165.380191429457,-100.430316872428,-21.1781356969896,0.894885375368989,0.770329082709479,49.4047619047619
"30342",1981-01-01,2021-12-01,1980-09-01,2025-02-01,0,3,51.1441516745354,-0.11307901746725,14.4289553241718,0.938703656292707,0.968517905817471,6.36704119850188
"30366",1981-01-01,2021-12-01,1982-09-01,1997-05-01,0,1,31.7830283498282,21.8189373977273,NA,0.74014642332843,0.749013451963713,64.2276422764228
"30387",1981-01-01,2021-12-01,2018-01-01,2025-02-01,0,4,118.452259105088,48.3468059574468,194.03273581538,0.778189505339203,0.858099431017171,86.4864864864865
"30391",1981-01-01,2021-12-01,2020-01-01,2025-01-01,0,8,49.9246714948103,-1.237423,32.9388417189221,0.875848323478901,0.93504961636299,92.1001926782274
"30395",1981-01-01,2021-12-01,2017-05-01,2025-02-01,0,4,53.9170770096219,19.9362855769231,52.7042199453291,0.868066511714451,0.915743193407481,85.1351351351351
"30452",1981-01-01,2021-12-01,1984-07-01,2025-02-01,0,1,50.46274421548,-12.8586404494382,203.719590399481,0.911129746783168,0.95066436376226,8.86792452830188
"30453",1981-01-01,2021-12-01,1995-01-01,2010-08-01,0,1,135.579531040588,-93.1852681034483,-27.08680566497,0.937924125942649,0.846571086988482,64.6341463414634
"30486",1981-01-01,2021-12-01,2009-01-01,2025-02-01,0,0,62.2322162108464,17.6021561217949,Inf,0.884954399217658,0.922467473606503,63.3962264150943
"30487",1981-01-01,2021-12-01,2013-01-01,2015-12-01,0,5,127.138272000432,-45.5325763157895,4.0843794410269,0.766010967969496,0.855736088927584,96.1382113821138
