#;date;lon;lat;value;
;1950-01-01;-97.0917;19.4322;1.268387;
;1950-02-01;-97.0917;19.4322;3.511429;
;1950-03-01;-97.0917;19.4322;7.117271;
;1950-04-01;-97.0917;19.4322;4.764557;
;1950-05-01;-97.0917;19.4322;4.417419;
;1950-06-01;-97.0917;19.4322;5.506516;
;1950-07-01;-97.0917;19.4322;4.291534;
;1950-08-01;-97.0917;19.4322;2.214432;
;1950-09-01;-97.0917;19.4322;2.389908;
;1950-10-01;-97.0917;19.4322;9.63974;
;1950-11-01;-97.0917;19.4322;0.535965;
;1950-12-01;-97.0917;19.4322;1.960754;
;1951-01-01;-97.0917;19.4322;0.7762909;
;1951-02-01;-97.0917;19.4322;1.315117;
;1951-03-01;-97.0917;19.4322;4.886627;
;1951-04-01;-97.0917;19.4322;3.852844;
;1951-05-01;-97.0917;19.4322;8.188248;
;1951-06-01;-97.0917;19.4322;6.93512;
;1951-07-01;-97.0917;19.4322;2.737045;
;1951-08-01;-97.0917;19.4322;3.198624;
;1951-09-01;-97.0917;19.4322;3.955841;
;1951-10-01;-97.0917;19.4322;2.511978;
;1951-11-01;-97.0917;19.4322;1.955032;
;1951-12-01;-97.0917;19.4322;1.178741;
;1952-01-01;-97.0917;19.4322;0.7247925;
;1952-02-01;-97.0917;19.4322;1.895905;
;1952-03-01;-97.0917;19.4322;3.446579;
;1952-04-01;-97.0917;19.4322;10.76508;
;1952-05-01;-97.0917;19.4322;8.235931;
;1952-06-01;-97.0917;19.4322;8.590698;
;1952-07-01;-97.0917;19.4322;3.511429;
;1952-08-01;-97.0917;19.4322;1.70517;
;1952-09-01;-97.0917;19.4322;6.885529;
;1952-10-01;-97.0917;19.4322;2.037048;
;1952-11-01;-97.0917;19.4322;3.00312;
;1952-12-01;-97.0917;19.4322;2.0504;
;1953-01-01;-97.0917;19.4322;2.449989;
;1953-02-01;-97.0917;19.4322;2.971649;
;1953-03-01;-97.0917;19.4322;2.685547;
;1953-04-01;-97.0917;19.4322;7.925034;
;1953-05-01;-97.0917;19.4322;3.440857;
;1953-06-01;-97.0917;19.4322;4.911423;
;1953-07-01;-97.0917;19.4322;2.876282;
;1953-08-01;-97.0917;19.4322;1.018524;
;1953-09-01;-97.0917;19.4322;4.623413;
;1953-10-01;-97.0917;19.4322;5.51033;
;1953-11-01;-97.0917;19.4322;3.194809;
;1953-12-01;-97.0917;19.4322;2.779007;
;1954-01-01;-97.0917;19.4322;0.6361008;
;1954-02-01;-97.0917;19.4322;3.118515;
;1954-03-01;-97.0917;19.4322;1.543045;
;1954-04-01;-97.0917;19.4322;3.421783;
;1954-05-01;-97.0917;19.4322;4.730225;
;1954-06-01;-97.0917;19.4322;10.92911;
;1954-07-01;-97.0917;19.4322;3.786087;
;1954-08-01;-97.0917;19.4322;2.738953;
;1954-09-01;-97.0917;19.4322;10.32448;
;1954-10-01;-97.0917;19.4322;7.051468;
;1954-11-01;-97.0917;19.4322;2.908707;
;1954-12-01;-97.0917;19.4322;0.6074905;
;1955-01-01;-97.0917;19.4322;1.486778;
;1955-02-01;-97.0917;19.4322;1.275063;
;1955-03-01;-97.0917;19.4322;1.607895;
;1955-04-01;-97.0917;19.4322;3.692627;
;1955-05-01;-97.0917;19.4322;2.061844;
;1955-06-01;-97.0917;19.4322;3.145218;
;1955-07-01;-97.0917;19.4322;10.29205;
;1955-08-01;-97.0917;19.4322;2.235413;
;1955-09-01;-97.0917;19.4322;11.45554;
;1955-10-01;-97.0917;19.4322;4.133224;
;1955-11-01;-97.0917;19.4322;6.349564;
;1955-12-01;-97.0917;19.4322;3.440857;
;1956-01-01;-97.0917;19.4322;0.9059906;
;1956-02-01;-97.0917;19.4322;4.041672;
;1956-03-01;-97.0917;19.4322;2.610207;
;1956-04-01;-97.0917;19.4322;2.912521;
;1956-05-01;-97.0917;19.4322;3.213882;
;1956-06-01;-97.0917;19.4322;3.698349;
;1956-07-01;-97.0917;19.4322;2.998352;
;1956-08-01;-97.0917;19.4322;1.61171;
;1956-09-01;-97.0917;19.4322;5.950928;
;1956-10-01;-97.0917;19.4322;1.078606;
;1956-11-01;-97.0917;19.4322;1.951218;
;1956-12-01;-97.0917;19.4322;1.102448;
;1957-01-01;-97.0917;19.4322;1.50013;
;1957-02-01;-97.0917;19.4322;2.24781;
;1957-03-01;-97.0917;19.4322;6.527901;
;1957-04-01;-97.0917;19.4322;5.867004;
;1957-05-01;-97.0917;19.4322;7.455826;
;1957-06-01;-97.0917;19.4322;4.600525;
;1957-07-01;-97.0917;19.4322;2.71225;
;1957-08-01;-97.0917;19.4322;2.227783;
;1957-09-01;-97.0917;19.4322;4.356384;
;1957-10-01;-97.0917;19.4322;2.117157;
;1957-11-01;-97.0917;19.4322;1.695633;
;1957-12-01;-97.0917;19.4322;1.396179;
;1958-01-01;-97.0917;19.4322;4.262924;
;1958-02-01;-97.0917;19.4322;4.640579;
;1958-03-01;-97.0917;19.4322;8.53157;
;1958-04-01;-97.0917;19.4322;3.826141;
;1958-05-01;-97.0917;19.4322;4.4384;
;1958-06-01;-97.0917;19.4322;4.533768;
;1958-07-01;-97.0917;19.4322;6.996155;
;1958-08-01;-97.0917;19.4322;1.35231;
;1958-09-01;-97.0917;19.4322;4.457474;
;1958-10-01;-97.0917;19.4322;4.013062;
;1958-11-01;-97.0917;19.4322;3.736496;
;1958-12-01;-97.0917;19.4322;3.270149;
;1959-01-01;-97.0917;19.4322;2.176285;
;1959-02-01;-97.0917;19.4322;3.347397;
;1959-03-01;-97.0917;19.4322;7.883072;
;1959-04-01;-97.0917;19.4322;8.552551;
;1959-05-01;-97.0917;19.4322;5.212784;
;1959-06-01;-97.0917;19.4322;13.7291;
;1959-07-01;-97.0917;19.4322;3.616333;
;1959-08-01;-97.0917;19.4322;2.571106;
;1959-09-01;-97.0917;19.4322;3.669739;
;1959-10-01;-97.0917;19.4322;6.259918;
;1959-11-01;-97.0917;19.4322;2.376556;
;1959-12-01;-97.0917;19.4322;2.347946;
;1960-01-01;-97.0917;19.4322;1.766205;
;1960-02-01;-97.0917;19.4322;0.8497238;
;1960-03-01;-97.0917;19.4322;3.360748;
;1960-04-01;-97.0917;19.4322;3.837585;
;1960-05-01;-97.0917;19.4322;3.753662;
;1960-06-01;-97.0917;19.4322;5.369186;
;1960-07-01;-97.0917;19.4322;4.116058;
;1960-08-01;-97.0917;19.4322;4.072189;
;1960-09-01;-97.0917;19.4322;6.961823;
;1960-10-01;-97.0917;19.4322;2.880096;
;1960-11-01;-97.0917;19.4322;1.098633;
;1960-12-01;-97.0917;19.4322;2.943993;
;1961-01-01;-97.0917;19.4322;3.234863;
;1961-02-01;-97.0917;19.4322;3.477097;
;1961-03-01;-97.0917;19.4322;3.753662;
;1961-04-01;-97.0917;19.4322;2.36702;
;1961-05-01;-97.0917;19.4322;3.257751;
;1961-06-01;-97.0917;19.4322;7.003784;
;1961-07-01;-97.0917;19.4322;5.678177;
;1961-08-01;-97.0917;19.4322;3.074646;
;1961-09-01;-97.0917;19.4322;3.293991;
;1961-10-01;-97.0917;19.4322;1.876831;
;1961-11-01;-97.0917;19.4322;4.297256;
;1961-12-01;-97.0917;19.4322;1.567841;
;1962-01-01;-97.0917;19.4322;0.6790161;
;1962-02-01;-97.0917;19.4322;0.6856918;
;1962-03-01;-97.0917;19.4322;2.407074;
;1962-04-01;-97.0917;19.4322;9.122849;
;1962-05-01;-97.0917;19.4322;2.76947;
;1962-06-01;-97.0917;19.4322;2.141953;
;1962-07-01;-97.0917;19.4322;2.92778;
;1962-08-01;-97.0917;19.4322;1.466751;
;1962-09-01;-97.0917;19.4322;4.032135;
;1962-10-01;-97.0917;19.4322;1.049042;
;1962-11-01;-97.0917;19.4322;1.813889;
;1962-12-01;-97.0917;19.4322;2.225876;
;1963-01-01;-97.0917;19.4322;0.8945465;
;1963-02-01;-97.0917;19.4322;0.9994507;
;1963-03-01;-97.0917;19.4322;1.178741;
;1963-04-01;-97.0917;19.4322;0.8354187;
;1963-05-01;-97.0917;19.4322;4.779816;
;1963-06-01;-97.0917;19.4322;4.40979;
;1963-07-01;-97.0917;19.4322;4.074097;
;1963-08-01;-97.0917;19.4322;2.161026;
;1963-09-01;-97.0917;19.4322;3.894806;
;1963-10-01;-97.0917;19.4322;1.729965;
;1963-11-01;-97.0917;19.4322;2.971649;
;1963-12-01;-97.0917;19.4322;2.58255;
;1964-01-01;-97.0917;19.4322;3.1147;
;1964-02-01;-97.0917;19.4322;4.127502;
;1964-03-01;-97.0917;19.4322;5.811691;
;1964-04-01;-97.0917;19.4322;2.634048;
;1964-05-01;-97.0917;19.4322;3.509521;
;1964-06-01;-97.0917;19.4322;5.983353;
;1964-07-01;-97.0917;19.4322;3.307343;
;1964-08-01;-97.0917;19.4322;1.407623;
;1964-09-01;-97.0917;19.4322;2.885818;
;1964-10-01;-97.0917;19.4322;1.588821;
;1964-11-01;-97.0917;19.4322;3.103256;
;1964-12-01;-97.0917;19.4322;1.369476;
;1965-01-01;-97.0917;19.4322;1.289368;
;1965-02-01;-97.0917;19.4322;4.674911;
;1965-03-01;-97.0917;19.4322;2.459526;
;1965-04-01;-97.0917;19.4322;3.959656;
;1965-05-01;-97.0917;19.4322;3.28064;
;1965-06-01;-97.0917;19.4322;4.541397;
;1965-07-01;-97.0917;19.4322;2.819061;
;1965-08-01;-97.0917;19.4322;2.80571;
;1965-09-01;-97.0917;19.4322;2.286911;
;1965-10-01;-97.0917;19.4322;3.967285;
;1965-11-01;-97.0917;19.4322;1.297951;
;1965-12-01;-97.0917;19.4322;3.099442;
;1966-01-01;-97.0917;19.4322;2.122879;
;1966-02-01;-97.0917;19.4322;5.449295;
;1966-03-01;-97.0917;19.4322;5.887985;
;1966-04-01;-97.0917;19.4322;8.386612;
;1966-05-01;-97.0917;19.4322;5.466461;
;1966-06-01;-97.0917;19.4322;3.549576;
;1966-07-01;-97.0917;19.4322;3.044128;
;1966-08-01;-97.0917;19.4322;2.040863;
;1966-09-01;-97.0917;19.4322;6.624222;
;1966-10-01;-97.0917;19.4322;5.13649;
;1966-11-01;-97.0917;19.4322;0.834465;
;1966-12-01;-97.0917;19.4322;1.045227;
;1967-01-01;-97.0917;19.4322;2.706528;
;1967-02-01;-97.0917;19.4322;1.35994;
;1967-03-01;-97.0917;19.4322;1.903534;
;1967-04-01;-97.0917;19.4322;3.282547;
;1967-05-01;-97.0917;19.4322;4.816055;
;1967-06-01;-97.0917;19.4322;4.505157;
;1967-07-01;-97.0917;19.4322;1.300812;
;1967-08-01;-97.0917;19.4322;2.782822;
;1967-09-01;-97.0917;19.4322;8.422852;
;1967-10-01;-97.0917;19.4322;3.007889;
;1967-11-01;-97.0917;19.4322;1.829147;
;1967-12-01;-97.0917;19.4322;2.099991;
;1968-01-01;-97.0917;19.4322;1.888275;
;1968-02-01;-97.0917;19.4322;4.846573;
;1968-03-01;-97.0917;19.4322;1.912117;
;1968-04-01;-97.0917;19.4322;3.770828;
;1968-05-01;-97.0917;19.4322;3.749847;
;1968-06-01;-97.0917;19.4322;5.674362;
;1968-07-01;-97.0917;19.4322;2.388;
;1968-08-01;-97.0917;19.4322;1.623154;
;1968-09-01;-97.0917;19.4322;2.620697;
;1968-10-01;-97.0917;19.4322;1.836777;
;1968-11-01;-97.0917;19.4322;2.17247;
;1968-12-01;-97.0917;19.4322;1.211166;
;1969-01-01;-97.0917;19.4322;3.255844;
;1969-02-01;-97.0917;19.4322;6.26564;
;1969-03-01;-97.0917;19.4322;5.472183;
;1969-04-01;-97.0917;19.4322;6.546021;
;1969-05-01;-97.0917;19.4322;9.590149;
;1969-06-01;-97.0917;19.4322;3.162384;
;1969-07-01;-97.0917;19.4322;3.551483;
;1969-08-01;-97.0917;19.4322;7.295609;
;1969-09-01;-97.0917;19.4322;8.499146;
;1969-10-01;-97.0917;19.4322;1.729012;
;1969-11-01;-97.0917;19.4322;1.829147;
;1969-12-01;-97.0917;19.4322;1.488686;
;1970-01-01;-97.0917;19.4322;2.815247;
;1970-02-01;-97.0917;19.4322;3.020287;
;1970-03-01;-97.0917;19.4322;2.920151;
;1970-04-01;-97.0917;19.4322;2.391815;
;1970-05-01;-97.0917;19.4322;3.396988;
;1970-06-01;-97.0917;19.4322;4.247665;
;1970-07-01;-97.0917;19.4322;3.852844;
;1970-08-01;-97.0917;19.4322;3.860474;
;1970-09-01;-97.0917;19.4322;3.133774;
;1970-10-01;-97.0917;19.4322;1.941681;
;1970-11-01;-97.0917;19.4322;0.4386902;
;1970-12-01;-97.0917;19.4322;0.2441406;
;1971-01-01;-97.0917;19.4322;1.464844;
;1971-02-01;-97.0917;19.4322;1.264572;
;1971-03-01;-97.0917;19.4322;2.305031;
;1971-04-01;-97.0917;19.4322;2.677917;
;1971-05-01;-97.0917;19.4322;3.629684;
;1971-06-01;-97.0917;19.4322;3.12233;
;1971-07-01;-97.0917;19.4322;3.162384;
;1971-08-01;-97.0917;19.4322;2.689362;
;1971-09-01;-97.0917;19.4322;4.096985;
;1971-10-01;-97.0917;19.4322;3.105164;
;1971-11-01;-97.0917;19.4322;2.456665;
;1971-12-01;-97.0917;19.4322;1.199722;
;1972-01-01;-97.0917;19.4322;2.319336;
;1972-02-01;-97.0917;19.4322;3.540039;
;1972-03-01;-97.0917;19.4322;4.707336;
;1972-04-01;-97.0917;19.4322;2.882004;
;1972-05-01;-97.0917;19.4322;4.831314;
;1972-06-01;-97.0917;19.4322;6.298065;
;1972-07-01;-97.0917;19.4322;6.254196;
;1972-08-01;-97.0917;19.4322;4.40979;
;1972-09-01;-97.0917;19.4322;4.169464;
;1972-10-01;-97.0917;19.4322;2.26593;
;1972-11-01;-97.0917;19.4322;3.061295;
;1972-12-01;-97.0917;19.4322;0.9613037;
;1973-01-01;-97.0917;19.4322;1.504898;
;1973-02-01;-97.0917;19.4322;4.247665;
;1973-03-01;-97.0917;19.4322;4.434586;
;1973-04-01;-97.0917;19.4322;4.417419;
;1973-05-01;-97.0917;19.4322;4.882812;
;1973-06-01;-97.0917;19.4322;8.419037;
;1973-07-01;-97.0917;19.4322;5.813599;
;1973-08-01;-97.0917;19.4322;6.340027;
;1973-09-01;-97.0917;19.4322;4.652023;
;1973-10-01;-97.0917;19.4322;2.731323;
;1973-11-01;-97.0917;19.4322;2.807617;
;1973-12-01;-97.0917;19.4322;4.576683;
;1974-01-01;-97.0917;19.4322;1.655579;
;1974-02-01;-97.0917;19.4322;2.414703;
;1974-03-01;-97.0917;19.4322;3.451347;
;1974-04-01;-97.0917;19.4322;4.102707;
;1974-05-01;-97.0917;19.4322;6.099701;
;1974-06-01;-97.0917;19.4322;8.005142;
;1974-07-01;-97.0917;19.4322;5.598068;
;1974-08-01;-97.0917;19.4322;1.760483;
;1974-09-01;-97.0917;19.4322;9.536743;
;1974-10-01;-97.0917;19.4322;2.120972;
;1974-11-01;-97.0917;19.4322;2.11525;
;1974-12-01;-97.0917;19.4322;2.908707;
;1975-01-01;-97.0917;19.4322;2.035141;
;1975-02-01;-97.0917;19.4322;3.356934;
;1975-03-01;-97.0917;19.4322;2.841949;
;1975-04-01;-97.0917;19.4322;1.695633;
;1975-05-01;-97.0917;19.4322;5.250931;
;1975-06-01;-97.0917;19.4322;5.210876;
;1975-07-01;-97.0917;19.4322;2.405167;
;1975-08-01;-97.0917;19.4322;2.658844;
;1975-09-01;-97.0917;19.4322;7.089615;
;1975-10-01;-97.0917;19.4322;3.927231;
;1975-11-01;-97.0917;19.4322;0.7190704;
;1975-12-01;-97.0917;19.4322;1.969337;
;1976-01-01;-97.0917;19.4322;1.829147;
;1976-02-01;-97.0917;19.4322;1.701355;
;1976-03-01;-97.0917;19.4322;2.164841;
;1976-04-01;-97.0917;19.4322;5.987167;
;1976-05-01;-97.0917;19.4322;5.861282;
;1976-06-01;-97.0917;19.4322;6.587982;
;1976-07-01;-97.0917;19.4322;4.177094;
;1976-08-01;-97.0917;19.4322;2.733231;
;1976-09-01;-97.0917;19.4322;4.026413;
;1976-10-01;-97.0917;19.4322;6.001472;
;1976-11-01;-97.0917;19.4322;3.818512;
;1976-12-01;-97.0917;19.4322;1.810074;
;1977-01-01;-97.0917;19.4322;2.20108;
;1977-02-01;-97.0917;19.4322;5.029678;
;1977-03-01;-97.0917;19.4322;0.6847382;
;1977-04-01;-97.0917;19.4322;7.621765;
;1977-05-01;-97.0917;19.4322;3.229141;
;1977-06-01;-97.0917;19.4322;3.133774;
;1977-07-01;-97.0917;19.4322;2.466202;
;1977-08-01;-97.0917;19.4322;3.290176;
;1977-09-01;-97.0917;19.4322;3.038406;
;1977-10-01;-97.0917;19.4322;4.369736;
;1977-11-01;-97.0917;19.4322;4.922867;
;1977-12-01;-97.0917;19.4322;4.051208;
;1978-01-01;-97.0917;19.4322;1.997948;
;1978-02-01;-97.0917;19.4322;2.494812;
;1978-03-01;-97.0917;19.4322;4.808426;
;1978-04-01;-97.0917;19.4322;5.329132;
;1978-05-01;-97.0917;19.4322;5.804062;
;1978-06-01;-97.0917;19.4322;7.417679;
;1978-07-01;-97.0917;19.4322;3.318787;
;1978-08-01;-97.0917;19.4322;2.799988;
;1978-09-01;-97.0917;19.4322;9.180069;
;1978-10-01;-97.0917;19.4322;7.255554;
;1978-11-01;-97.0917;19.4322;2.229691;
;1978-12-01;-97.0917;19.4322;2.012253;
;1979-01-01;-97.0917;19.4322;2.04277;
;1979-02-01;-97.0917;19.4322;4.673004;
;1979-03-01;-97.0917;19.4322;5.332947;
;1979-04-01;-97.0917;19.4322;5.172729;
;1979-05-01;-97.0917;19.4322;5.506516;
;1979-06-01;-97.0917;19.4322;4.045486;
;1979-07-01;-97.0917;19.4322;5.393982;
;1979-08-01;-97.0917;19.4322;6.961823;
;1979-09-01;-97.0917;19.4322;9.090424;
;1979-10-01;-97.0917;19.4322;1.213074;
;1979-11-01;-97.0917;19.4322;3.56102;
;1979-12-01;-97.0917;19.4322;2.645493;
;1980-01-01;-97.0917;19.4322;2.268791;
;1980-02-01;-97.0917;19.4322;4.522324;
;1980-03-01;-97.0917;19.4322;3.343582;
;1980-04-01;-97.0917;19.4322;7.102966;
;1980-05-01;-97.0917;19.4322;5.60379;
;1980-06-01;-97.0917;19.4322;3.65448;
;1980-07-01;-97.0917;19.4322;2.620697;
;1980-08-01;-97.0917;19.4322;3.791809;
;1980-09-01;-97.0917;19.4322;6.29425;
;1980-10-01;-97.0917;19.4322;1.941681;
;1980-11-01;-97.0917;19.4322;4.098892;
;1980-12-01;-97.0917;19.4322;1.716614;
;1981-01-01;-97.0917;19.4322;6.473541;
;1981-02-01;-97.0917;19.4322;3.047943;
;1981-03-01;-97.0917;19.4322;8.094788;
;1981-04-01;-97.0917;19.4322;8.987427;
;1981-05-01;-97.0917;19.4322;7.421494;
;1981-06-01;-97.0917;19.4322;16.94107;
;1981-07-01;-97.0917;19.4322;6.656647;
;1981-08-01;-97.0917;19.4322;7.476807;
;1981-09-01;-97.0917;19.4322;9.04274;
;1981-10-01;-97.0917;19.4322;3.765106;
;1981-11-01;-97.0917;19.4322;1.073837;
;1981-12-01;-97.0917;19.4322;5.016327;
;1982-01-01;-97.0917;19.4322;1.828194;
;1982-02-01;-97.0917;19.4322;5.099297;
;1982-03-01;-97.0917;19.4322;3.177643;
;1982-04-01;-97.0917;19.4322;6.538391;
;1982-05-01;-97.0917;19.4322;10.82611;
;1982-06-01;-97.0917;19.4322;3.143311;
;1982-07-01;-97.0917;19.4322;2.723694;
;1982-08-01;-97.0917;19.4322;2.758026;
;1982-09-01;-97.0917;19.4322;4.827499;
;1982-10-01;-97.0917;19.4322;2.948761;
;1982-11-01;-97.0917;19.4322;2.866745;
;1982-12-01;-97.0917;19.4322;3.852844;
;1983-01-01;-97.0917;19.4322;5.962372;
;1983-02-01;-97.0917;19.4322;4.386902;
;1983-03-01;-97.0917;19.4322;3.917694;
;1983-04-01;-97.0917;19.4322;3.194809;
;1983-05-01;-97.0917;19.4322;6.10733;
;1983-06-01;-97.0917;19.4322;5.76973;
;1983-07-01;-97.0917;19.4322;6.175995;
;1983-08-01;-97.0917;19.4322;2.952576;
;1983-09-01;-97.0917;19.4322;4.79126;
;1983-10-01;-97.0917;19.4322;3.450394;
;1983-11-01;-97.0917;19.4322;4.322052;
;1983-12-01;-97.0917;19.4322;1.423836;
;1984-01-01;-97.0917;19.4322;3.881454;
;1984-02-01;-97.0917;19.4322;7.648468;
;1984-03-01;-97.0917;19.4322;5.674362;
;1984-04-01;-97.0917;19.4322;5.235672;
;1984-05-01;-97.0917;19.4322;10.83183;
;1984-06-01;-97.0917;19.4322;8.647919;
;1984-07-01;-97.0917;19.4322;7.581711;
;1984-08-01;-97.0917;19.4322;6.263733;
;1984-09-01;-97.0917;19.4322;19.63615;
;1984-10-01;-97.0917;19.4322;1.840591;
;1984-11-01;-97.0917;19.4322;1.85585;
;1984-12-01;-97.0917;19.4322;2.244949;
;1985-01-01;-97.0917;19.4322;2.614975;
;1985-02-01;-97.0917;19.4322;2.103806;
;1985-03-01;-97.0917;19.4322;3.158569;
;1985-04-01;-97.0917;19.4322;8.277893;
;1985-05-01;-97.0917;19.4322;5.496979;
;1985-06-01;-97.0917;19.4322;9.502411;
;1985-07-01;-97.0917;19.4322;9.002686;
;1985-08-01;-97.0917;19.4322;4.934311;
;1985-09-01;-97.0917;19.4322;3.229141;
;1985-10-01;-97.0917;19.4322;3.667831;
;1985-11-01;-97.0917;19.4322;2.210617;
;1985-12-01;-97.0917;19.4322;3.551483;
;1986-01-01;-97.0917;19.4322;1.226425;
;1986-02-01;-97.0917;19.4322;3.412247;
;1986-03-01;-97.0917;19.4322;2.931595;
;1986-04-01;-97.0917;19.4322;4.343033;
;1986-05-01;-97.0917;19.4322;6.467819;
;1986-06-01;-97.0917;19.4322;6.025314;
;1986-07-01;-97.0917;19.4322;2.859116;
;1986-08-01;-97.0917;19.4322;2.990723;
;1986-09-01;-97.0917;19.4322;3.248215;
;1986-10-01;-97.0917;19.4322;4.938126;
;1986-11-01;-97.0917;19.4322;3.238678;
;1986-12-01;-97.0917;19.4322;4.272461;
;1987-01-01;-97.0917;19.4322;1.661301;
;1987-02-01;-97.0917;19.4322;4.264832;
;1987-03-01;-97.0917;19.4322;5.783081;
;1987-04-01;-97.0917;19.4322;8.796692;
;1987-05-01;-97.0917;19.4322;5.70488;
;1987-06-01;-97.0917;19.4322;7.915497;
;1987-07-01;-97.0917;19.4322;9.811401;
;1987-08-01;-97.0917;19.4322;3.629684;
;1987-09-01;-97.0917;19.4322;6.39534;
;1987-10-01;-97.0917;19.4322;2.031326;
;1987-11-01;-97.0917;19.4322;4.238129;
;1987-12-01;-97.0917;19.4322;2.813339;
;1988-01-01;-97.0917;19.4322;2.023697;
;1988-02-01;-97.0917;19.4322;3.206253;
;1988-03-01;-97.0917;19.4322;6.46019;
;1988-04-01;-97.0917;19.4322;10.98251;
;1988-05-01;-97.0917;19.4322;6.534576;
;1988-06-01;-97.0917;19.4322;10.36835;
;1988-07-01;-97.0917;19.4322;3.990173;
;1988-08-01;-97.0917;19.4322;7.631302;
;1988-09-01;-97.0917;19.4322;8.043289;
;1988-10-01;-97.0917;19.4322;4.179001;
;1988-11-01;-97.0917;19.4322;0.4673004;
;1988-12-01;-97.0917;19.4322;0.8525848;
;1989-01-01;-97.0917;19.4322;1.339912;
;1989-02-01;-97.0917;19.4322;0.9479523;
;1989-03-01;-97.0917;19.4322;3.134727;
;1989-04-01;-97.0917;19.4322;8.188248;
;1989-05-01;-97.0917;19.4322;4.108429;
;1989-06-01;-97.0917;19.4322;8.823395;
;1989-07-01;-97.0917;19.4322;5.519867;
;1989-08-01;-97.0917;19.4322;4.291534;
;1989-09-01;-97.0917;19.4322;6.555557;
;1989-10-01;-97.0917;19.4322;3.137589;
;1989-11-01;-97.0917;19.4322;2.635956;
;1989-12-01;-97.0917;19.4322;2.11525;
;1990-01-01;-97.0917;19.4322;1.563072;
;1990-02-01;-97.0917;19.4322;5.067825;
;1990-03-01;-97.0917;19.4322;4.144669;
;1990-04-01;-97.0917;19.4322;8.481979;
;1990-05-01;-97.0917;19.4322;4.407883;
;1990-06-01;-97.0917;19.4322;5.069733;
;1990-07-01;-97.0917;19.4322;5.706787;
;1990-08-01;-97.0917;19.4322;7.486343;
;1990-09-01;-97.0917;19.4322;5.079269;
;1990-10-01;-97.0917;19.4322;3.234863;
;1990-11-01;-97.0917;19.4322;2.170563;
;1990-12-01;-97.0917;19.4322;0.7305145;
;1991-01-01;-97.0917;19.4322;2.803802;
;1991-02-01;-97.0917;19.4322;3.263474;
;1991-03-01;-97.0917;19.4322;0.7286072;
;1991-04-01;-97.0917;19.4322;7.2155;
;1991-05-01;-97.0917;19.4322;5.565643;
;1991-06-01;-97.0917;19.4322;7.925034;
;1991-07-01;-97.0917;19.4322;5.35965;
;1991-08-01;-97.0917;19.4322;3.034592;
;1991-09-01;-97.0917;19.4322;5.899429;
;1991-10-01;-97.0917;19.4322;5.823135;
;1991-11-01;-97.0917;19.4322;2.985001;
;1991-12-01;-97.0917;19.4322;2.55394;
;1992-01-01;-97.0917;19.4322;5.989075;
;1992-02-01;-97.0917;19.4322;4.667282;
;1992-03-01;-97.0917;19.4322;7.316589;
;1992-04-01;-97.0917;19.4322;10.03075;
;1992-05-01;-97.0917;19.4322;6.772995;
;1992-06-01;-97.0917;19.4322;5.077362;
;1992-07-01;-97.0917;19.4322;3.009796;
;1992-08-01;-97.0917;19.4322;3.463745;
;1992-09-01;-97.0917;19.4322;6.164551;
;1992-10-01;-97.0917;19.4322;3.326416;
;1992-11-01;-97.0917;19.4322;4.702568;
;1992-12-01;-97.0917;19.4322;0.7505417;
;1993-01-01;-97.0917;19.4322;2.056122;
;1993-02-01;-97.0917;19.4322;3.408432;
;1993-03-01;-97.0917;19.4322;5.793571;
;1993-04-01;-97.0917;19.4322;5.573273;
;1993-05-01;-97.0917;19.4322;10.70213;
;1993-06-01;-97.0917;19.4322;9.744644;
;1993-07-01;-97.0917;19.4322;3.43895;
;1993-08-01;-97.0917;19.4322;4.426956;
;1993-09-01;-97.0917;19.4322;5.796432;
;1993-10-01;-97.0917;19.4322;3.059387;
;1993-11-01;-97.0917;19.4322;2.344131;
;1993-12-01;-97.0917;19.4322;0.6351471;
;1994-01-01;-97.0917;19.4322;1.81675;
;1994-02-01;-97.0917;19.4322;2.337456;
;1994-03-01;-97.0917;19.4322;2.425194;
;1994-04-01;-97.0917;19.4322;5.712509;
;1994-05-01;-97.0917;19.4322;4.493713;
;1994-06-01;-97.0917;19.4322;4.02832;
;1994-07-01;-97.0917;19.4322;1.613617;
;1994-08-01;-97.0917;19.4322;5.737305;
;1994-09-01;-97.0917;19.4322;3.763199;
;1994-10-01;-97.0917;19.4322;3.7117;
;1994-11-01;-97.0917;19.4322;1.44577;
;1994-12-01;-97.0917;19.4322;2.616882;
;1995-01-01;-97.0917;19.4322;2.555847;
;1995-02-01;-97.0917;19.4322;2.396584;
;1995-03-01;-97.0917;19.4322;4.732132;
;1995-04-01;-97.0917;19.4322;9.914398;
;1995-05-01;-97.0917;19.4322;2.39563;
;1995-06-01;-97.0917;19.4322;5.735397;
;1995-07-01;-97.0917;19.4322;5.458832;
;1995-08-01;-97.0917;19.4322;8.584976;
;1995-09-01;-97.0917;19.4322;4.106522;
;1995-10-01;-97.0917;19.4322;6.458282;
;1995-11-01;-97.0917;19.4322;3.759384;
;1995-12-01;-97.0917;19.4322;2.811432;
;1996-01-01;-97.0917;19.4322;0.4768372;
;1996-02-01;-97.0917;19.4322;1.22261;
;1996-03-01;-97.0917;19.4322;6.019592;
;1996-04-01;-97.0917;19.4322;8.91304;
;1996-05-01;-97.0917;19.4322;2.763748;
;1996-06-01;-97.0917;19.4322;8.987427;
;1996-07-01;-97.0917;19.4322;3.890991;
;1996-08-01;-97.0917;19.4322;5.111694;
;1996-09-01;-97.0917;19.4322;2.80571;
;1996-10-01;-97.0917;19.4322;4.068375;
;1996-11-01;-97.0917;19.4322;1.659393;
;1996-12-01;-97.0917;19.4322;1.512527;
;1997-01-01;-97.0917;19.4322;2.540588;
;1997-02-01;-97.0917;19.4322;2.733231;
;1997-03-01;-97.0917;19.4322;7.966995;
;1997-04-01;-97.0917;19.4322;9.698868;
;1997-05-01;-97.0917;19.4322;6.103516;
;1997-06-01;-97.0917;19.4322;3.755569;
;1997-07-01;-97.0917;19.4322;3.751755;
;1997-08-01;-97.0917;19.4322;2.986908;
;1997-09-01;-97.0917;19.4322;5.475998;
;1997-10-01;-97.0917;19.4322;7.614136;
;1997-11-01;-97.0917;19.4322;4.407883;
;1997-12-01;-97.0917;19.4322;2.758026;
;1998-01-01;-97.0917;19.4322;3.482819;
;1998-02-01;-97.0917;19.4322;1.413345;
;1998-03-01;-97.0917;19.4322;6.698608;
;1998-04-01;-97.0917;19.4322;7.043839;
;1998-05-01;-97.0917;19.4322;1.110077;
;1998-06-01;-97.0917;19.4322;3.02887;
;1998-07-01;-97.0917;19.4322;3.883362;
;1998-08-01;-97.0917;19.4322;3.246307;
;1998-09-01;-97.0917;19.4322;12.87079;
;1998-10-01;-97.0917;19.4322;6.93512;
;1998-11-01;-97.0917;19.4322;4.560471;
;1998-12-01;-97.0917;19.4322;0.8459091;
;1999-01-01;-97.0917;19.4322;1.257896;
;1999-02-01;-97.0917;19.4322;0.8869171;
;1999-03-01;-97.0917;19.4322;4.463196;
;1999-04-01;-97.0917;19.4322;2.696991;
;1999-05-01;-97.0917;19.4322;3.456116;
;1999-06-01;-97.0917;19.4322;5.111694;
;1999-07-01;-97.0917;19.4322;7.87735;
;1999-08-01;-97.0917;19.4322;3.831863;
;1999-09-01;-97.0917;19.4322;7.425308;
;1999-10-01;-97.0917;19.4322;10.98251;
;1999-11-01;-97.0917;19.4322;1.596451;
;1999-12-01;-97.0917;19.4322;2.590179;
;2000-01-01;-97.0917;19.4322;1.441956;
;2000-02-01;-97.0917;19.4322;1.841545;
;2000-03-01;-97.0917;19.4322;2.632141;
;2000-04-01;-97.0917;19.4322;3.267288;
;2000-05-01;-97.0917;19.4322;7.307053;
;2000-06-01;-97.0917;19.4322;5.817413;
;2000-07-01;-97.0917;19.4322;1.441956;
;2000-08-01;-97.0917;19.4322;6.244659;
;2000-09-01;-97.0917;19.4322;4.886627;
;2000-10-01;-97.0917;19.4322;2.464294;
;2000-11-01;-97.0917;19.4322;2.218246;
;2000-12-01;-97.0917;19.4322;1.729965;
;2001-01-01;-97.0917;19.4322;1.285553;
;2001-02-01;-97.0917;19.4322;2.759933;
;2001-03-01;-97.0917;19.4322;4.266739;
;2001-04-01;-97.0917;19.4322;5.186081;
;2001-05-01;-97.0917;19.4322;7.881165;
;2001-06-01;-97.0917;19.4322;4.598618;
;2001-07-01;-97.0917;19.4322;3.074646;
;2001-08-01;-97.0917;19.4322;4.37355;
;2001-09-01;-97.0917;19.4322;7.011414;
;2001-10-01;-97.0917;19.4322;3.717422;
;2001-11-01;-97.0917;19.4322;2.063751;
;2001-12-01;-97.0917;19.4322;2.096176;
;2002-01-01;-97.0917;19.4322;1.66893;
;2002-02-01;-97.0917;19.4322;2.437592;
;2002-03-01;-97.0917;19.4322;1.581192;
;2002-04-01;-97.0917;19.4322;1.794815;
;2002-05-01;-97.0917;19.4322;3.772736;
;2002-06-01;-97.0917;19.4322;10.87761;
;2002-07-01;-97.0917;19.4322;2.748489;
;2002-08-01;-97.0917;19.4322;2.317429;
;2002-09-01;-97.0917;19.4322;8.346558;
;2002-10-01;-97.0917;19.4322;2.758026;
;2002-11-01;-97.0917;19.4322;6.080627;
;2002-12-01;-97.0917;19.4322;2.403259;
;2003-01-01;-97.0917;19.4322;2.269745;
;2003-02-01;-97.0917;19.4322;1.403809;
;2003-03-01;-97.0917;19.4322;2.660751;
;2003-04-01;-97.0917;19.4322;6.387711;
;2003-05-01;-97.0917;19.4322;3.063202;
;2003-06-01;-97.0917;19.4322;5.884171;
;2003-07-01;-97.0917;19.4322;1.558304;
;2003-08-01;-97.0917;19.4322;2.000809;
;2003-09-01;-97.0917;19.4322;11.63101;
;2003-10-01;-97.0917;19.4322;3.606796;
;2003-11-01;-97.0917;19.4322;1.556396;
;2003-12-01;-97.0917;19.4322;0.9346008;
;2004-01-01;-97.0917;19.4322;1.626968;
;2004-02-01;-97.0917;19.4322;2.52533;
;2004-03-01;-97.0917;19.4322;3.767014;
;2004-04-01;-97.0917;19.4322;11.74545;
;2004-05-01;-97.0917;19.4322;4.709244;
;2004-06-01;-97.0917;19.4322;4.318237;
;2004-07-01;-97.0917;19.4322;3.662109;
;2004-08-01;-97.0917;19.4322;2.569199;
;2004-09-01;-97.0917;19.4322;3.383636;
;2004-10-01;-97.0917;19.4322;5.739212;
;2004-11-01;-97.0917;19.4322;0.4081726;
;2004-12-01;-97.0917;19.4322;1.070023;
;2005-01-01;-97.0917;19.4322;0.7038116;
;2005-02-01;-97.0917;19.4322;3.997803;
;2005-03-01;-97.0917;19.4322;5.754471;
;2005-04-01;-97.0917;19.4322;5.508423;
;2005-05-01;-97.0917;19.4322;8.893967;
;2005-06-01;-97.0917;19.4322;7.898331;
;2005-07-01;-97.0917;19.4322;3.162384;
;2005-08-01;-97.0917;19.4322;6.473541;
;2005-09-01;-97.0917;19.4322;3.053665;
;2005-10-01;-97.0917;19.4322;10.04791;
;2005-11-01;-97.0917;19.4322;2.561569;
;2005-12-01;-97.0917;19.4322;1.688957;
;2006-01-01;-97.0917;19.4322;1.861572;
;2006-02-01;-97.0917;19.4322;1.35231;
;2006-03-01;-97.0917;19.4322;1.966476;
;2006-04-01;-97.0917;19.4322;2.067566;
;2006-05-01;-97.0917;19.4322;7.490158;
;2006-06-01;-97.0917;19.4322;6.139755;
;2006-07-01;-97.0917;19.4322;7.255554;
;2006-08-01;-97.0917;19.4322;4.703522;
;2006-09-01;-97.0917;19.4322;4.463196;
;2006-10-01;-97.0917;19.4322;3.778458;
;2006-11-01;-97.0917;19.4322;3.442764;
;2006-12-01;-97.0917;19.4322;4.91333;
;2007-01-01;-97.0917;19.4322;2.004623;
;2007-02-01;-97.0917;19.4322;3.961563;
;2007-03-01;-97.0917;19.4322;2.065659;
;2007-04-01;-97.0917;19.4322;4.367828;
;2007-05-01;-97.0917;19.4322;6.513596;
;2007-06-01;-97.0917;19.4322;3.030777;
;2007-07-01;-97.0917;19.4322;2.967834;
;2007-08-01;-97.0917;19.4322;8.651733;
;2007-09-01;-97.0917;19.4322;5.987167;
;2007-10-01;-97.0917;19.4322;5.491257;
;2007-11-01;-97.0917;19.4322;4.348755;
;2007-12-01;-97.0917;19.4322;0.9002686;
;2008-01-01;-97.0917;19.4322;1.85585;
;2008-02-01;-97.0917;19.4322;1.535416;
;2008-03-01;-97.0917;19.4322;3.578186;
;2008-04-01;-97.0917;19.4322;4.710197;
;2008-05-01;-97.0917;19.4322;3.282547;
;2008-06-01;-97.0917;19.4322;8.743286;
;2008-07-01;-97.0917;19.4322;6.679535;
;2008-08-01;-97.0917;19.4322;3.143311;
;2008-09-01;-97.0917;19.4322;8.798599;
;2008-10-01;-97.0917;19.4322;3.362656;
;2008-11-01;-97.0917;19.4322;1.937866;
;2008-12-01;-97.0917;19.4322;1.199722;
;2009-01-01;-97.0917;19.4322;2.008438;
;2009-02-01;-97.0917;19.4322;2.12574;
;2009-03-01;-97.0917;19.4322;2.176285;
;2009-04-01;-97.0917;19.4322;5.582809;
;2009-05-01;-97.0917;19.4322;4.327774;
;2009-06-01;-97.0917;19.4322;4.564285;
;2009-07-01;-97.0917;19.4322;2.30217;
;2009-08-01;-97.0917;19.4322;3.105164;
;2009-09-01;-97.0917;19.4322;13.03864;
;2009-10-01;-97.0917;19.4322;8.165359;
;2009-11-01;-97.0917;19.4322;2.470016;
;2009-12-01;-97.0917;19.4322;4.817963;
;2010-01-01;-97.0917;19.4322;3.623962;
;2010-02-01;-97.0917;19.4322;4.516602;
;2010-03-01;-97.0917;19.4322;3.355026;
;2010-04-01;-97.0917;19.4322;10.75935;
;2010-05-01;-97.0917;19.4322;3.957748;
;2010-06-01;-97.0917;19.4322;4.419327;
;2010-07-01;-97.0917;19.4322;10.03647;
;2010-08-01;-97.0917;19.4322;5.07164;
;2010-09-01;-97.0917;19.4322;12.33864;
;2010-10-01;-97.0917;19.4322;1.25885;
;2010-11-01;-97.0917;19.4322;1.106262;
;2010-12-01;-97.0917;19.4322;0.4806519;
;2011-01-01;-97.0917;19.4322;2.14386;
;2011-02-01;-97.0917;19.4322;1.583099;
;2011-03-01;-97.0917;19.4322;2.615929;
;2011-04-01;-97.0917;19.4322;1.764297;
;2011-05-01;-97.0917;19.4322;3.061295;
;2011-06-01;-97.0917;19.4322;8.069992;
;2011-07-01;-97.0917;19.4322;8.480072;
;2011-08-01;-97.0917;19.4322;3.602982;
;2011-09-01;-97.0917;19.4322;5.641937;
;2011-10-01;-97.0917;19.4322;2.985001;
;2011-11-01;-97.0917;19.4322;2.42424;
;2011-12-01;-97.0917;19.4322;0.8487701;
;2012-01-01;-97.0917;19.4322;2.946854;
;2012-02-01;-97.0917;19.4322;5.117416;
;2012-03-01;-97.0917;19.4322;2.845764;
;2012-04-01;-97.0917;19.4322;6.616592;
;2012-05-01;-97.0917;19.4322;6.355286;
;2012-06-01;-97.0917;19.4322;7.602692;
;2012-07-01;-97.0917;19.4322;3.684998;
;2012-08-01;-97.0917;19.4322;9.067535;
;2012-09-01;-97.0917;19.4322;4.869461;
;2012-10-01;-97.0917;19.4322;2.317429;
;2012-11-01;-97.0917;19.4322;2.264023;
;2012-12-01;-97.0917;19.4322;1.325607;
;2013-01-01;-97.0917;19.4322;1.73378;
;2013-02-01;-97.0917;19.4322;2.031326;
;2013-03-01;-97.0917;19.4322;2.004623;
;2013-04-01;-97.0917;19.4322;5.537033;
;2013-05-01;-97.0917;19.4322;4.459381;
;2013-06-01;-97.0917;19.4322;9.290695;
;2013-07-01;-97.0917;19.4322;4.772186;
;2013-08-01;-97.0917;19.4322;7.751465;
;2013-09-01;-97.0917;19.4322;12.81548;
;2013-10-01;-97.0917;19.4322;6.509781;
;2013-11-01;-97.0917;19.4322;5.119324;
;2013-12-01;-97.0917;19.4322;1.464844;
;2014-01-01;-97.0917;19.4322;1.382828;
;2014-02-01;-97.0917;19.4322;1.356125;
;2014-03-01;-97.0917;19.4322;5.022049;
;2014-04-01;-97.0917;19.4322;5.119324;
;2014-05-01;-97.0917;19.4322;8.472443;
;2014-06-01;-97.0917;19.4322;7.787704;
;2014-07-01;-97.0917;19.4322;4.79126;
;2014-08-01;-97.0917;19.4322;2.464294;
;2014-09-01;-97.0917;19.4322;10.6945;
;2014-10-01;-97.0917;19.4322;4.997253;
;2014-11-01;-97.0917;19.4322;4.6978;
;2014-12-01;-97.0917;19.4322;2.494812;
;2015-01-01;-97.0917;19.4322;2.758026;
;2015-02-01;-97.0917;19.4322;2.742767;
;2015-03-01;-97.0917;19.4322;9.124756;
;2015-04-01;-97.0917;19.4322;6.986618;
;2015-05-01;-97.0917;19.4322;5.779266;
;2015-06-01;-97.0917;19.4322;7.286072;
;2015-07-01;-97.0917;19.4322;2.799988;
;2015-08-01;-97.0917;19.4322;4.220963;
;2015-09-01;-97.0917;19.4322;7.299423;
;2015-10-01;-97.0917;19.4322;8.411407;
;2015-11-01;-97.0917;19.4322;6.038666;
;2015-12-01;-97.0917;19.4322;2.059937;
;2016-01-01;-97.0917;19.4322;2.946854;
;2016-02-01;-97.0917;19.4322;1.115799;
;2016-03-01;-97.0917;19.4322;6.185532;
;2016-04-01;-97.0917;19.4322;7.555008;
;2016-05-01;-97.0917;19.4322;4.295349;
;2016-06-01;-97.0917;19.4322;8.522034;
;2016-07-01;-97.0917;19.4322;2.887726;
;2016-08-01;-97.0917;19.4322;6.669998;
;2016-09-01;-97.0917;19.4322;5.506516;
;2016-10-01;-97.0917;19.4322;3.564835;
;2016-11-01;-97.0917;19.4322;2.878189;
;2016-12-01;-97.0917;19.4322;2.597809;
;2017-01-01;-97.0917;19.4322;0.3604889;
;2017-02-01;-97.0917;19.4322;1.43528;
;2017-03-01;-97.0917;19.4322;5.116463;
;2017-04-01;-97.0917;19.4322;4.055023;
;2017-05-01;-97.0917;19.4322;5.346298;
;2017-06-01;-97.0917;19.4322;7.282257;
;2017-07-01;-97.0917;19.4322;6.04248;
;2017-08-01;-97.0917;19.4322;8.245468;
;2017-09-01;-97.0917;19.4322;12.18796;
;2017-10-01;-97.0917;19.4322;5.102158;
;2017-11-01;-97.0917;19.4322;0.7343292;
;2017-12-01;-97.0917;19.4322;0.6332397;
;2018-01-01;-97.0917;19.4322;2.921104;
;2018-02-01;-97.0917;19.4322;2.323151;
;2018-03-01;-97.0917;19.4322;4.362106;
;2018-04-01;-97.0917;19.4322;7.892609;
;2018-05-01;-97.0917;19.4322;3.892899;
;2018-06-01;-97.0917;19.4322;10.52284;
;2018-07-01;-97.0917;19.4322;2.061844;
;2018-08-01;-97.0917;19.4322;3.7117;
;2018-09-01;-97.0917;19.4322;3.044128;
;2018-10-01;-97.0917;19.4322;5.928993;
;2018-11-01;-97.0917;19.4322;3.341675;
;2018-12-01;-97.0917;19.4322;1.588821;
;2019-01-01;-97.0917;19.4322;1.18351;
;2019-02-01;-97.0917;19.4322;0.6370544;
;2019-03-01;-97.0917;19.4322;1.781464;
;2019-04-01;-97.0917;19.4322;2.61879;
;2019-05-01;-97.0917;19.4322;5.302429;
;2019-06-01;-97.0917;19.4322;7.05719;
;2019-07-01;-97.0917;19.4322;3.664017;
;2019-08-01;-97.0917;19.4322;2.26593;
;2019-09-01;-97.0917;19.4322;4.793167;
;2019-10-01;-97.0917;19.4322;7.69043;
;2019-11-01;-97.0917;19.4322;1.893997;
;2019-12-01;-97.0917;19.4322;1.070023;
;2020-01-01;-97.0917;19.4322;4.022598;
;2020-02-01;-97.0917;19.4322;1.306534;
;2020-03-01;-97.0917;19.4322;0.5998611;
;2020-04-01;-97.0917;19.4322;2.5177;
;2020-05-01;-97.0917;19.4322;8.096695;
;2020-06-01;-97.0917;19.4322;4.211426;
;2020-07-01;-97.0917;19.4322;2.357483;
;2020-08-01;-97.0917;19.4322;6.160736;
;2020-09-01;-97.0917;19.4322;7.881165;
;2020-10-01;-97.0917;19.4322;1.239777;
;2020-11-01;-97.0917;19.4322;2.958298;
;2020-12-01;-97.0917;19.4322;0.8811951;
;2021-01-01;-97.0917;19.4322;2.635956;
;2021-02-01;-97.0917;19.4322;2.468109;
;2021-03-01;-97.0917;19.4322;0.629425;
;2021-04-01;-97.0917;19.4322;1.94931;
;2021-05-01;-97.0917;19.4322;6.580353;
;2021-06-01;-97.0917;19.4322;6.961823;
;2021-07-01;-97.0917;19.4322;4.026413;
;2021-08-01;-97.0917;19.4322;6.477356;
;2021-09-01;-97.0917;19.4322;7.385254;
;2021-10-01;-97.0917;19.4322;2.971649;
;2021-11-01;-97.0917;19.4322;2.044678;
;2021-12-01;-97.0917;19.4322;1.150131;
;2022-01-01;-97.0917;19.4322;2.099991;
;2022-02-01;-97.0917;19.4322;1.955032;
;2022-03-01;-97.0917;19.4322;1.315117;
;2022-04-01;-97.0917;19.4322;2.593994;
;2022-05-01;-97.0917;19.4322;2.363205;
;2022-06-01;-97.0917;19.4322;5.954742;
;2022-07-01;-97.0917;19.4322;2.538681;
;2022-08-01;-97.0917;19.4322;3.606796;
;2022-09-01;-97.0917;19.4322;9.252548;
;2022-10-01;-97.0917;19.4322;3.406525;
;2022-11-01;-97.0917;19.4322;1.415253;
;2022-12-01;-97.0917;19.4322;2.48909;
;2023-01-01;-97.0917;19.4322;1.066208;
;2023-02-01;-97.0917;19.4322;0.500679;
;2023-03-01;-97.0917;19.4322;3.10421;
;2023-04-01;-97.0917;19.4322;7.293701;
;2023-05-01;-97.0917;19.4322;6.332397;
;2023-06-01;-97.0917;19.4322;3.868103;
;2023-07-01;-97.0917;19.4322;3.406525;
;2023-08-01;-97.0917;19.4322;3.604889;
;2023-09-01;-97.0917;19.4322;2.17247;
;2023-10-01;-97.0917;19.4322;3.902435;
;2023-11-01;-97.0917;19.4322;3.465652;
;2023-12-01;-97.0917;19.4322;5.2948;
;2024-01-01;-97.0917;19.4322;3.852844;
;2024-02-01;-97.0917;19.4322;1.211166;
;2024-03-01;-97.0917;19.4322;2.649307;
;2024-04-01;-97.0917;19.4322;2.450943;
;2024-05-01;-97.0917;19.4322;1.54686;
;2024-06-01;-97.0917;19.4322;9.313583;
;2024-07-01;-97.0917;19.4322;10.95772;
;2024-08-01;-97.0917;19.4322;4.426956;
;2024-09-01;-97.0917;19.4322;5.374908;
;2024-10-01;-97.0917;19.4322;5.653381;
;2024-11-01;-97.0917;19.4322;2.549171;
;2024-12-01;-97.0917;19.4322;1.459122;
;2025-01-01;-97.0917;19.4322;2.220154;
;2025-02-01;-97.0917;19.4322;2.206802;
;2025-03-01;-97.0917;19.4322;2.164841;
;2025-04-01;-97.0917;19.4322;2.094269;
;2025-05-01;-97.0917;19.4322;5.489349;
;2025-06-01;-97.0917;19.4322;10.56671;
;2025-07-01;-97.0917;19.4322;2.639771;
;2025-08-01;-97.0917;19.4322;2.325058;
;2025-09-01;-97.0917;19.4322;5.861282;
;2025-10-01;-97.0917;19.4322;6.549835;
;2025-11-01;-97.0917;19.4322;3.17955;
;2025-12-01;-97.0917;19.4322;2.666473;
